<?xml version="1.0" encoding="UTF-8" standalone="yes"?>
<ns2:Data xmlns:ns2="nbtb">
	<Entry>titleslide</Entry>
	<Slide name="titleslide" type="title">
		<Content>A Soldier's story</Content>
		<Image>titleslide.png</Image>
		<Attribution>Mathews' House, Battle-Field of Bull Run. --Gardner's Photographic Sketchbook of the War--, Vol. I, 1866. Courtesy of George Eastman House, International Museum of Photography and Film.</Attribution>
		<Prompt/>
		<Branch type="decision">
			<Path1>
				<Text>Begin</Text>
				<Reference>exposition</Reference>
				<Store/>
			</Path1>
			<Path2>
				<Text/>
				<Reference/>
				<Store/>
			</Path2>
			<Path3>
				<Text/>
				<Reference/>
				<Store/>
			</Path3>
			<Path4>
				<Text/>
				<Reference/>
				<Store/>
			</Path4>
			<Default>
				<Text/>
				<Reference/>
				<Store/>
			</Default>
		</Branch>
	</Slide>
	<Slide name="exposition" type="body">
		<Content>In November of 1860, Abraham Lincoln is elected President of the United States. The next month, the southern states begin to secede. In March of 1861, President Lincoln takes office and delivers his First Inaugural Address (include this address?) which asserts his intention to preserve the union by compromise.&lt;br/&gt;&lt;br/&gt;One month later, however, Fort Sumter is besieged by Confederates, and taken. Lincoln calls for 75,000 men to preserve the Union, but his call to arms galvanizes the Border States. A handful more of them secede and war is begun.</Content>
		<Image>slide2.png</Image>
		<Attribution>Moore House, Yorktown, Virginia. --Gardner's Photographic Sketchbook of the War--, Vol. I, 1866. Courtesy of George Eastman House, International Museum of Photography and Film.</Attribution>
		<Prompt/>
		<Branch type="decision">
			<Path1>
				<Text>Continue</Text>
				<Reference>loyalty</Reference>
				<Store/>
			</Path1>
			<Path2>
				<Text/>
				<Reference/>
				<Store/>
			</Path2>
			<Path3>
				<Text/>
				<Reference/>
				<Store/>
			</Path3>
			<Path4>
				<Text/>
				<Reference/>
				<Store/>
			</Path4>
			<Default>
				<Text/>
				<Reference/>
				<Store/>
			</Default>
		</Branch>
	</Slide>
	<Slide name="loyalty" type="title">
		<Content>Choose your loyalty</Content>
		<Image>slide3.png</Image>
		<Attribution>Marshall House, Alexandria, Virginia. Gardner's Photographic Sketchbook of the War--, Vol. I, 1866. Courtesy of George Eastman House, International Museum of Photography and Film.</Attribution>
		<Prompt/>
		<Branch type="decision">
			<Path1>
				<Text>Union</Text>
				<Reference>union</Reference>
				<Store/>
			</Path1>
			<Path2>
				<Text>Confederate</Text>
				<Reference>confederate</Reference>
				<Store/>
			</Path2>
			<Path3>
				<Text/>
				<Reference/>
				<Store/>
			</Path3>
			<Path4>
				<Text/>
				<Reference/>
				<Store/>
			</Path4>
			<Default>
				<Text/>
				<Reference/>
				<Store/>
			</Default>
		</Branch>
	</Slide>
	<Slide name="confederate" type="body">
		<Content>The Confederate States: South Carolina, Mississippi, Florida, Alabama, Georgia, Louisiana, Texas, Virginia, Arkansas, Tennessee, and North Carolina. &lt;br/&gt;&lt;br/&gt;The Confederate States have a population of , including  slaves. But less than 10% of the free population, only 316,632 people, own any slaves at all. Except for the black slaves (and few free blacks), there is very little ethnic diversity, and except for New Orleans, no big cities. &lt;br/&gt;&lt;br/&gt;Everyone you know curses those Yankees for not letting the Southerners be as they are. Many have done the honorable thing and enlisted to fight for home and freedom by driving the Yankees out. Why would any self-respecting man not join them?</Content>
		<Image>slide22.png</Image>
		<Attribution>Emmitsburg, Maryland. Farmer's Inn and Hotel where our special artist was captured, July 5 1863. Library of Congress, Prints &amp; Photographs Division, LC-DIG-cwpb-00835 DLC.</Attribution>
		<Prompt/>
		<Branch type="decision">
			<Path1>
				<Text>Continue</Text>
				<Reference>background-confederate</Reference>
				<Store key="loyalty" value="confederate"/>
			</Path1>
			<Path2>
				<Text/>
				<Reference/>
				<Store/>
			</Path2>
			<Path3>
				<Text/>
				<Reference/>
				<Store/>
			</Path3>
			<Path4>
				<Text/>
				<Reference/>
				<Store/>
			</Path4>
			<Default>
				<Text/>
				<Reference/>
				<Store/>
			</Default>
		</Branch>
	</Slide>
	<Slide name="union" type="body">
		<Content>The loyal states: New York, Vermont, New Hampshire, Maine, Pennsylvania, Connecticut, Massachusetts, Rhode Island, New Jersey, Ohio, Indiana, Illinois, Michigan, Wisconsin, Minnesota, Iowa, Kansas, California, Oregon, Missouri, Maryland, Delaware, Kentucky, and later West Virginia and Nevada. &lt;br/&gt;&lt;br/&gt;The North is a diverse place, with around 23 million free population, and several large cities. The landscape varies from farmland to mines to factories in the cities. &lt;br/&gt;&lt;br/&gt;Though Lincoln wants only to preserve the Union, there are many who want more. You, however, just want to see the country, fight some rebels, and earn a decent wage.</Content>
		<Image>slide3.png</Image>
		<Attribution>Marshall House, Alexandria, Virginia. Gardner's Photographic Sketchbook of the War--, Vol. I, 1866. Courtesy of George Eastman House, International Museum of Photography and Film.</Attribution>
		<Prompt/>
		<Branch type="decision">
			<Path1>
				<Text>Continue</Text>
				<Reference>background-union</Reference>
				<Store key="loyalty" value="union"/>
			</Path1>
			<Path2>
				<Text/>
				<Reference/>
				<Store/>
			</Path2>
			<Path3>
				<Text/>
				<Reference/>
				<Store/>
			</Path3>
			<Path4>
				<Text/>
				<Reference/>
				<Store/>
			</Path4>
			<Default>
				<Text/>
				<Reference/>
				<Store/>
			</Default>
		</Branch>
	</Slide>
	<Slide name="background-union" type="title">
		<Content>Choose your background</Content>
		<Image>slide3.png</Image>
		<Attribution>Marshall House, Alexandria, Virginia. Gardner's Photographic Sketchbook of the War--, Vol. I, 1866. Courtesy of George Eastman House, International Museum of Photography and Film.</Attribution>
		<Prompt/>
		<Branch type="decision">
			<Path1>
				<Text>Countryside Farm</Text>
				<Reference>hometown-farm</Reference>
				<Store key="background" value="farm"/>
			</Path1>
			<Path2>
				<Text>Downtown Factory</Text>
				<Reference>hometown-factory</Reference>
				<Store key="background" value="factory"/>
			</Path2>
			<Path3>
				<Text>Western Mine</Text>
				<Reference>hometown-mine</Reference>
				<Store key="background" value="mine"/>
			</Path3>
			<Path4>
				<Text>Free Black</Text>
				<Reference>hometown-freeman</Reference>
				<Store key="background" value="freeman"/>
			</Path4>
			<Default>
				<Text/>
				<Reference/>
				<Store/>
			</Default>
		</Branch>
	</Slide>
	<Slide name="background-confederate" type="title">
		<Content>Choose your background</Content>
		<Image>slide3.png</Image>
		<Attribution>Marshall House, Alexandria, Virginia. Gardner's Photographic Sketchbook of the War--, Vol. I, 1866. Courtesy of George Eastman House, International Museum of Photography and Film.</Attribution>
		<Prompt/>
		<Branch type="decision">
			<Path1>
				<Text>Countryside Farm</Text>
				<Reference>hometown-farm</Reference>
				<Store key="background" value="farm"/>
			</Path1>
			<Path2>
				<Text>Slave</Text>
				<Reference>hometown-farm</Reference>
				<Store key="background" value="slave"/>
			</Path2>
			<Path3>
				<Text/>
				<Reference/>
				<Store/>
			</Path3>
			<Path4>
				<Text/>
				<Reference/>
				<Store/>
			</Path4>
			<Default>
				<Text/>
				<Reference/>
				<Store/>
			</Default>
		</Branch>
	</Slide>
	<Slide name="hometown-farm" type="body">
		<Content>Life for you here in your hometown is quiet but fairly productive. You own a small farm in the countryside just outside a small town. You and your wife, with whom you have been married only around five years, grow produce and raise chickens. What you don't eat yourselves you sell to a man in town who himself takes it to the city to peddle. Today, you heard the news that the president is calling for more troops. You wouldn't normally be interested, but everyone else seems so enthused about enlisting, and the signing bonus would help buy that horse-drawn plow you've been eyeing. Of course, going off to war would mean leaving your wife and children alone on the farm. They say it will be a 30 days war. You'd be back in time for the harvest, anyway, right?</Content>
		<Image>01933r.jpg</Image>
		<Attribution>http://www.loc.gov/pictures/item/cwp2003004890/PP/</Attribution>
		<Prompt/>
		<Branch type="decision">
			<Path1>
				<Text>Enlist</Text>
				<Reference>recruitment</Reference>
				<Store/>
			</Path1>
			<Path2>
				<Text>Stay home</Text>
				<Reference>hometown-farm2</Reference>
				<Store/>
			</Path2>
			<Path3>
				<Text/>
				<Reference/>
				<Store/>
			</Path3>
			<Path4>
				<Text/>
				<Reference/>
				<Store/>
			</Path4>
			<Default>
				<Text/>
				<Reference/>
				<Store/>
			</Default>
		</Branch>
	</Slide>
	<Slide name="hometown-factory" type="body">
		<Content>Life for you here in your hometown is not too easy. Living in an apartment within the city limits, you work at a factory on the river's edge. You and your wife, with whom you have been married only around five years, have two children, and another on the way. Feeding your growing family is hard on a laborer's wage.&lt;br/&gt;&lt;br/&gt;Today, you heard the news that the president is calling for more troops. You wouldn't normally be interested, but everyone else seems so enthused about enlisting, and the signing bonus would help buy some new clothes for your oldest. Of course, going off to war would mean leaving your wife and children alone, but a soldier is paid more than a factory worker...</Content>
		<Image>01933r.jpg</Image>
		<Attribution>http://www.loc.gov/pictures/item/cwp2003004890/PP/</Attribution>
		<Prompt/>
		<Branch type="decision">
			<Path1>
				<Text>Enlist</Text>
				<Reference>earlyenlistment</Reference>
				<Store/>
			</Path1>
			<Path2>
				<Text>Stay home</Text>
				<Reference>hometown-farm2</Reference>
				<Store/>
			</Path2>
			<Path3>
				<Text/>
				<Reference/>
				<Store/>
			</Path3>
			<Path4>
				<Text/>
				<Reference/>
				<Store/>
			</Path4>
			<Default>
				<Text/>
				<Reference/>
				<Store/>
			</Default>
		</Branch>
	</Slide>
	<Slide name="hometown-freeman" type="body">
		<Content>(There of course needs to be a special story dedicated to freemen and slaves that relates the military's inital denial and eventual relenting. this is just a placeholder.)</Content>
		<Image>01933r.jpg</Image>
		<Attribution>http://www.loc.gov/pictures/item/cwp2003004890/PP/</Attribution>
		<Prompt/>
		<Branch type="decision">
			<Path1>
				<Text>Enlist</Text>
				<Reference>earlyenlistment</Reference>
				<Store/>
			</Path1>
			<Path2>
				<Text>Stay home</Text>
				<Reference>hometown-farm2</Reference>
				<Store/>
			</Path2>
			<Path3>
				<Text/>
				<Reference/>
				<Store/>
			</Path3>
			<Path4>
				<Text/>
				<Reference/>
				<Store/>
			</Path4>
			<Default>
				<Text/>
				<Reference/>
				<Store/>
			</Default>
		</Branch>
	</Slide>
	<Slide name="hometown-mine" type="body">
		<Content>(some union soldiers came from mines in the east or particularly west [see: &lt;a href="http://en.wikipedia.org/wiki/Comstock_Lode"&gt;Comstock Lode&lt;/a&gt;].)</Content>
		<Image>01933r.jpg</Image>
		<Attribution>http://www.loc.gov/pictures/item/cwp2003004890/PP/</Attribution>
		<Prompt>(number or percentage, if we can find one.)</Prompt>
		<Branch type="decision">
			<Path1>
				<Text>Enlist</Text>
				<Reference>midenlistment</Reference>
				<Store/>
			</Path1>
			<Path2>
				<Text>Stay home</Text>
				<Reference>hometown-farm2</Reference>
				<Store/>
			</Path2>
			<Path3>
				<Text/>
				<Reference/>
				<Store/>
			</Path3>
			<Path4>
				<Text/>
				<Reference/>
				<Store/>
			</Path4>
			<Default>
				<Text/>
				<Reference/>
				<Store/>
			</Default>
		</Branch>
	</Slide>
	<Slide name="hometown-farm2" type="body">
		<Content>(I was thinking of giving the user the option of resisting enlistment, in which case they get a short story about staying at home during the war, meanwhile being subjected to increasing amounts of peer pressure to join the army, and have a chance or two more to continue and enlist.)&lt;br/&gt;&lt;br/&gt;(This also introduces an option to deal with conscription at some point.)</Content>
		<Image>01933r.jpg</Image>
		<Attribution>http://www.loc.gov/pictures/item/cwp2003004890/PP/</Attribution>
		<Prompt/>
		<Branch type="decision">
			<Path1>
				<Text>Enlist</Text>
				<Reference>midenlistment</Reference>
				<Store/>
			</Path1>
			<Path2>
				<Text>Resist</Text>
				<Reference>rally</Reference>
				<Store/>
			</Path2>
			<Path3>
				<Text/>
				<Reference/>
				<Store/>
			</Path3>
			<Path4>
				<Text/>
				<Reference/>
				<Store/>
			</Path4>
			<Default>
				<Text/>
				<Reference/>
				<Store/>
			</Default>
		</Branch>
	</Slide>
	<Slide name="rally" type="body">
		<Content>(A scene in which you visit a recruitment rally and choose to finally sign up or continue to decline.)</Content>
		<Image>01933r.jpg</Image>
		<Attribution>http://www.loc.gov/pictures/item/cwp2003004890/PP/</Attribution>
		<Prompt/>
		<Branch type="decision">
			<Path1>
				<Text>Enlist</Text>
				<Reference>lateenlistment</Reference>
				<Store/>
			</Path1>
			<Path2>
				<Text>Do Not Enlist</Text>
				<Reference>conscription</Reference>
				<Store/>
			</Path2>
			<Path3>
				<Text/>
				<Reference/>
				<Store/>
			</Path3>
			<Path4>
				<Text/>
				<Reference/>
				<Store/>
			</Path4>
			<Default>
				<Text/>
				<Reference/>
				<Store/>
			</Default>
		</Branch>
	</Slide>
	<Slide name="conscription" type="body">
		<Content>(A scene in which you are conscripted.)</Content>
		<Image>01933r.jpg</Image>
		<Attribution>http://www.loc.gov/pictures/item/cwp2003004890/PP/</Attribution>
		<Prompt/>
		<Branch type="decision">
			<Path1>
				<Text>Show up for the draft</Text>
				<Reference>draft</Reference>
				<Store/>
			</Path1>
			<Path2>
				<Text>Purchase exemption</Text>
				<Reference>draft</Reference>
				<Store/>
			</Path2>
			<Path3>
				<Text>Hire replacement</Text>
				<Reference>draft</Reference>
				<Store/>
			</Path3>
			<Path4>
				<Text/>
				<Reference/>
				<Store/>
			</Path4>
			<Default>
				<Text/>
				<Reference/>
				<Store/>
			</Default>
		</Branch>
	</Slide>
	<Slide name="earlyenlistment" type="body">
		<Content>Having no shortage of patriotism yourself, you find a group of like-minded men and agree to form a company with them.&lt;br/&gt;&lt;br/&gt;(This page should describe the recruitment process, how a man would sign up and be sent off to war)&lt;br/&gt;&lt;br/&gt;(As far as I can tell, there is little or no time spent between enlistment and actually being in the army, but how is this gap bridged? Were there army wagons that came around and picked up the fresh recruits and dropped them off at the front line by the bus-load?)&lt;br/&gt;&lt;br/&gt;(In addition to historical context, it also serves as a transition into the main body of the narrative.)</Content>
		<Image>slide5.png</Image>
		<Attribution>Atlanta, Georgia. Federal army wagons railroad depot. Barnard, George N. 1864. Library of Congress, Prints &amp; Photographs Division, LC-DIG-cwpb-02232 DLC.</Attribution>
		<Prompt/>
		<Branch type="decision">
			<Path1>
				<Text>Continue</Text>
				<Reference>firstday</Reference>
				<Store/>
			</Path1>
			<Path2>
				<Text/>
				<Reference/>
				<Store/>
			</Path2>
			<Path3>
				<Text/>
				<Reference/>
				<Store/>
			</Path3>
			<Path4>
				<Text/>
				<Reference/>
				<Store/>
			</Path4>
			<Default>
				<Text/>
				<Reference/>
				<Store/>
			</Default>
		</Branch>
	</Slide>
	<Slide name="midenlistment" type="body">
		<Content>Deciding to enlist, you sign the town's elistment roll, and are checked out by the doctor. He has you take off your clothes and do jumping jacks, bend over, and delivers a pair of sound whacks to the stomach and back to make sure you are fit for duty. After that, he sends you off to the </Content>
		<Image>slide5.png</Image>
		<Attribution>Atlanta, Georgia. Federal army wagons railroad depot. Barnard, George N. 1864. Library of Congress, Prints &amp; Photographs Division, LC-DIG-cwpb-02232 DLC.</Attribution>
		<Prompt>Later in the war, when the need for man power was more dire, doctors checked for &lt;i&gt;unfitness&lt;/i&gt; rather than fitness for duty.</Prompt>
		<Branch type="decision">
			<Path1>
				<Text>Continue</Text>
				<Reference>firstday</Reference>
				<Store/>
			</Path1>
			<Path2>
				<Text/>
				<Reference/>
				<Store/>
			</Path2>
			<Path3>
				<Text/>
				<Reference/>
				<Store/>
			</Path3>
			<Path4>
				<Text/>
				<Reference/>
				<Store/>
			</Path4>
			<Default>
				<Text/>
				<Reference/>
				<Store/>
			</Default>
		</Branch>
	</Slide>
	<Slide name="lateenlistment" type="body">
		<Content>(late enlistment scene, doctor checks for unfitness for war.)</Content>
		<Image>slide5.png</Image>
		<Attribution>Atlanta, Georgia. Federal army wagons railroad depot. Barnard, George N. 1864. Library of Congress, Prints &amp; Photographs Division, LC-DIG-cwpb-02232 DLC.</Attribution>
		<Prompt>Earlier in the war, when the it was though it could not last this long, doctors were more selective, and checked for &lt;i&gt;fitness&lt;/i&gt; rather than unfitness for duty.</Prompt>
		<Branch type="decision">
			<Path1>
				<Text>Continue</Text>
				<Reference>firstday</Reference>
				<Store/>
			</Path1>
			<Path2>
				<Text/>
				<Reference/>
				<Store/>
			</Path2>
			<Path3>
				<Text/>
				<Reference/>
				<Store/>
			</Path3>
			<Path4>
				<Text/>
				<Reference/>
				<Store/>
			</Path4>
			<Default>
				<Text/>
				<Reference/>
				<Store/>
			</Default>
		</Branch>
	</Slide>
	<Slide name="draft" type="body">
		<Content>(A scene in which you are drafted.)</Content>
		<Image>slide5.png</Image>
		<Attribution>Atlanta, Georgia. Federal army wagons railroad depot. Barnard, George N. 1864. Library of Congress, Prints &amp; Photographs Division, LC-DIG-cwpb-02232 DLC.</Attribution>
		<Prompt/>
		<Branch type="decision">
			<Path1>
				<Text>Continue</Text>
				<Reference>firstday</Reference>
				<Store/>
			</Path1>
			<Path2>
				<Text/>
				<Reference/>
				<Store/>
			</Path2>
			<Path3>
				<Text/>
				<Reference/>
				<Store/>
			</Path3>
			<Path4>
				<Text/>
				<Reference/>
				<Store/>
			</Path4>
			<Default>
				<Text/>
				<Reference/>
				<Store/>
			</Default>
		</Branch>
	</Slide>
	<Slide name="recruitment" type="body">
		<Content>(This page should describe the recruitment process, how a man would sign up and be sent off to war)&lt;br/&gt;&lt;br/&gt;(As far as I can tell, there is little or no time spent between enlistment and actually being in the army, but how is this gap bridged? Were there army wagons that came around and picked up the fresh recruits and dropped them off at the front line by the bus-load?)&lt;br/&gt;&lt;br/&gt;(In addition to historical context, it also serves as a transition into the main body of the narrative.)</Content>
		<Image>slide5.png</Image>
		<Attribution>Atlanta, Georgia. Federal army wagons railroad depot. Barnard, George N. 1864. Library of Congress, Prints &amp; Photographs Division, LC-DIG-cwpb-02232 DLC.</Attribution>
		<Prompt/>
		<Branch type="decision">
			<Path1>
				<Text>Continue</Text>
				<Reference>camp1</Reference>
				<Store/>
			</Path1>
			<Path2>
				<Text/>
				<Reference/>
				<Store/>
			</Path2>
			<Path3>
				<Text/>
				<Reference/>
				<Store/>
			</Path3>
			<Path4>
				<Text/>
				<Reference/>
				<Store/>
			</Path4>
			<Default>
				<Text/>
				<Reference/>
				<Store/>
			</Default>
		</Branch>
	</Slide>
	<Slide name="firstday" type="body">
		<Content>Stepping off the wagon at the camp is surreal. Rows upon rows of white canvas tents make it seem like a carnival, all the men in uniform enhance this image. As you arrive, other wagons are being loaded up with uniformed soldiers to head off to the front.&lt;br/&gt;&lt;br/&gt;Here you will train for one month or until there is an urgent need for manpower, which ever comes first.</Content>
		<Image>slide4.png</Image>
		<Attribution>Inspection of Troops at Cumberlanding, Pamunkey, Virginia. Gardner's Photographic Sketchbook of the War--, Vol. I, 1866. Courtesy of George Eastman House, International Museum of Photography and Film.</Attribution>
		<Prompt/>
		<Branch type="decision">
			<Path1>
				<Text>Continue</Text>
				<Reference>camp1</Reference>
				<Store/>
			</Path1>
			<Path2>
				<Text/>
				<Reference/>
				<Store/>
			</Path2>
			<Path3>
				<Text/>
				<Reference/>
				<Store/>
			</Path3>
			<Path4>
				<Text/>
				<Reference/>
				<Store/>
			</Path4>
			<Default>
				<Text/>
				<Reference/>
				<Store/>
			</Default>
		</Branch>
	</Slide>
	<Slide name="camp1" type="body">
		<Content>Living in the camps is harder than you expected. Up at dawn, roll call, wash, marching drills, then breakfast. More drilling – and any work that needs to be done before dinner at noon. The afternoon is a brief respite to go into town. Then target practice, more drilling, tent inspection, and finally evening parade at half past five. Then the moon rises, and until ten the camp is aglow with candle- and fire-light. &lt;br/&gt;&lt;br/&gt;Tonight, some of the guys are gathering to play cards by candlelight. The officers say gambling isn’t allowed, but there will probably be stakes anyway. They offer you to join in their poker game. </Content>
		<Image>slide4.png</Image>
		<Attribution>Inspection of Troops at Cumberlanding, Pamunkey, Virginia. Gardner's Photographic Sketchbook of the War--, Vol. I, 1866. Courtesy of George Eastman House, International Museum of Photography and Film.</Attribution>
		<Prompt/>
		<Branch type="decision">
			<Path1>
				<Text>Play a hand</Text>
				<Reference>playingpoker1</Reference>
				<Store key="playpoker" value="yes"/>
			</Path1>
			<Path2>
				<Text>Don't play</Text>
				<Reference>letterwriting1</Reference>
				<Store key="playpoker" value="no"/>
			</Path2>
			<Path3>
				<Text/>
				<Reference/>
				<Store/>
			</Path3>
			<Path4>
				<Text/>
				<Reference/>
				<Store/>
			</Path4>
			<Default>
				<Text/>
				<Reference/>
				<Store/>
			</Default>
		</Branch>
	</Slide>
	<Slide name="playingpoker1" type="body">
		<Content>You play a hand. Then another – and another. The stakes are getting higher and higher until The pot is no less than four months pay. You have a decent hand, but you can’t tell if someone else has a better one. You might as well go all in at this point, there’s nothing more to lose.</Content>
		<Image>slide6.png</Image>
		<Attribution>Petersburg, Va. Officers of the 114th Pennsylvania Infantry playing cards in front of tents. 1862 May. Library of Congress, Prints &amp; Photographs Division, LC-DIG-cwpb-03882 DLC.</Attribution>
		<Prompt/>
		<Branch type="random">
			<Path1 weight="1">
				<Text/>
				<Reference>playingpoker2</Reference>
				<Store key="poker" value="won"/>
			</Path1>
			<Path2 weight="1">
				<Text/>
				<Reference>playingpoker3</Reference>
				<Store key="poker" value="lost"/>
			</Path2>
			<Path3>
				<Text/>
				<Reference/>
				<Store/>
			</Path3>
			<Path4>
				<Text/>
				<Reference/>
				<Store/>
			</Path4>
			<Default>
				<Text/>
				<Reference/>
				<Store/>
			</Default>
		</Branch>
	</Slide>
	<Slide name="playingpoker2" type="body">
		<Content>You lay down your hand, and the other players scowl and toss their cards on the table. You won!&lt;br/&gt;&lt;br/&gt;You may have won a lot of money from them, but since everyone was betting their future pay, you don’t actually walk away with any currency. It’ll be up to you to remind them how much they owe.</Content>
		<Image>slide6.png</Image>
		<Attribution>Petersburg, Va. Officers of the 114th Pennsylvania Infantry playing cards in front of tents. 1862 May. Library of Congress, Prints &amp; Photographs Division, LC-DIG-cwpb-03882 DLC.</Attribution>
		<Prompt/>
		<Branch type="decision">
			<Path1>
				<Text>Continue</Text>
				<Reference>marching1</Reference>
				<Store/>
			</Path1>
			<Path2>
				<Text/>
				<Reference/>
				<Store/>
			</Path2>
			<Path3>
				<Text/>
				<Reference/>
				<Store/>
			</Path3>
			<Path4>
				<Text/>
				<Reference/>
				<Store/>
			</Path4>
			<Default>
				<Text/>
				<Reference/>
				<Store/>
			</Default>
		</Branch>
	</Slide>
	<Slide name="playingpoker3" type="body">
		<Content>You lay down your hand, but with a grin someone on the other side of the table lays down his hand. You lost. Even if you do get paid soon, you won’t be spending money for a while.&lt;br/&gt;&lt;br/&gt;You hope this isn’t a bad omen.</Content>
		<Image>slide6.png</Image>
		<Attribution>Petersburg, Va. Officers of the 114th Pennsylvania Infantry playing cards in front of tents. 1862 May. Library of Congress, Prints &amp; Photographs Division, LC-DIG-cwpb-03882 DLC.</Attribution>
		<Prompt/>
		<Branch type="decision">
			<Path1>
				<Text/>
				<Reference/>
				<Store/>
			</Path1>
			<Path2>
				<Text>Continue</Text>
				<Reference>marching1</Reference>
				<Store/>
			</Path2>
			<Path3>
				<Text/>
				<Reference/>
				<Store/>
			</Path3>
			<Path4>
				<Text/>
				<Reference/>
				<Store/>
			</Path4>
			<Default>
				<Text/>
				<Reference/>
				<Store/>
			</Default>
		</Branch>
	</Slide>
	<Slide name="letterwriting1" type="body">
		<Content>You decide not to play poker. No sense gambling away money you don’t even have yet, only to make enemies of an officer. You head back to your tent and write a letter home instead. &lt;br/&gt;&lt;br/&gt;(What follows is a preliminary attempt at creating a letter; it may need some refinement later)&lt;br/&gt;&lt;br/&gt;“Dear [Wife’s name], -- (could this name be made dynamic? Random or prompted at the beginning?)&lt;br/&gt;&lt;br/&gt;I miss you greatly. The camp here is nothing like home. I often find myself craving a delicious roast like we used to have. Here we only occasionally get fresh meat, usually only salt meat. It makes a fellow quite thirsty.&lt;br/&gt;&lt;br/&gt;How are things on the farm? I’m worried about harvest time. The crops will need to be reaped before too long. I hope managing the livestock hasn’t been too difficult, either.&lt;br/&gt;&lt;br/&gt;Please write me back when you receive this letter, I look forward to hearing from you.&lt;br/&gt;&lt;br/&gt;				Signed, [your name]”</Content>
		<Image>slide8.png</Image>
		<Attribution>Washington, District of Columbia. Camp of 31st Penn. Inf. (later, 82d Penn. Inf.) at Queen's farm, vicinity of Fort Slocum. 1861.Library of Congress, Prints &amp; Photographs Division, LC-DIG-cwpb-01670 DLC.</Attribution>
		<Prompt/>
		<Branch type="decision">
			<Path1>
				<Text>Continue</Text>
				<Reference>marching1</Reference>
				<Store/>
			</Path1>
			<Path2>
				<Text/>
				<Reference/>
				<Store/>
			</Path2>
			<Path3>
				<Text/>
				<Reference/>
				<Store/>
			</Path3>
			<Path4>
				<Text/>
				<Reference/>
				<Store/>
			</Path4>
			<Default>
				<Text/>
				<Reference/>
				<Store/>
			</Default>
		</Branch>
	</Slide>
	<Slide name="marching1" type="body">
		<Content>The order has come down to march to a new campsite in three hours time. You and your company pack up your possessions and then the tent, and begin marching. &lt;br/&gt;&lt;br/&gt;The marching is hard work, since you are carrying all of your gear. In the middle of the day, there is a break to eat. As the day wears on, what was once strict formation is now merely a ramshackle crowd of soldiers stumbling down the road. &lt;br/&gt;&lt;br/&gt;Many are weary and have stopped to build fires on the side of the road to cook coffee.</Content>
		<Image>slide9.png</Image>
		<Attribution>Germanna Ford, Rapidan River, Virginia. Grant's troops crossing Germannia Ford. 1864 May 4.Library of Congress, Prints &amp; Photographs Division, LC-DIG-cwpb-01175 DLC.</Attribution>
		<Prompt/>
		<Branch type="decision">
			<Path1>
				<Text>Stop for coffee</Text>
				<Reference>coffee</Reference>
				<Store key="coffee" value="stopped"/>
			</Path1>
			<Path2>
				<Text>Keep marching</Text>
				<Reference>nocoffee</Reference>
				<Store key="coffee" value="keptgoing"/>
			</Path2>
			<Path3>
				<Text/>
				<Reference/>
				<Store/>
			</Path3>
			<Path4>
				<Text/>
				<Reference/>
				<Store/>
			</Path4>
			<Default>
				<Text/>
				<Reference/>
				<Store/>
			</Default>
		</Branch>
	</Slide>
	<Slide name="coffee" type="body">
		<Content>You decide to break off from the march for a bit. You and your friends build a fire on the side of the road and roast some coffee beans, then brew coffee and drink it. By now your place in the march has long since passed, and you have to hurry to catch up. Of course, the other marching soldiers are tired, too, and aren’t too keen to move aside for you.</Content>
		<Image>slide12.png</Image>
		<Attribution>Port Royal Island, South Carolina. Road through woods. 1865.Library of Congress, Prints &amp; Photographs Division, LC-DIG-cwpb-03294 DLC.</Attribution>
		<Prompt/>
		<Branch type="decision">
			<Path1>
				<Text>Continue</Text>
				<Reference>camp2</Reference>
				<Store/>
			</Path1>
			<Path2>
				<Text/>
				<Reference/>
				<Store/>
			</Path2>
			<Path3>
				<Text/>
				<Reference/>
				<Store/>
			</Path3>
			<Path4>
				<Text/>
				<Reference/>
				<Store/>
			</Path4>
			<Default>
				<Text/>
				<Reference/>
				<Store/>
			</Default>
		</Branch>
	</Slide>
	<Slide name="nocoffee" type="body">
		<Content>You decide not to break off for coffee. The walking wears heavily on you, but you manage to keep going. When you finally break camp for the night, your food is already cooked when the rest of your company finally catches up.</Content>
		<Image>slide13.png</Image>
		<Attribution>Gettysburg, Pennsylvania. Camp of Captain John J. Hoff. Commissory of Subsistance. 1865 July. Library of Congress, Prints &amp; Photographs Division, LC-DIG-cwpb-03913 DLC.</Attribution>
		<Prompt/>
		<Branch type="decision">
			<Path1>
				<Text>Continue</Text>
				<Reference>camp2</Reference>
				<Store/>
			</Path1>
			<Path2>
				<Text/>
				<Reference/>
				<Store/>
			</Path2>
			<Path3>
				<Text/>
				<Reference/>
				<Store/>
			</Path3>
			<Path4>
				<Text/>
				<Reference/>
				<Store/>
			</Path4>
			<Default>
				<Text/>
				<Reference/>
				<Store/>
			</Default>
		</Branch>
	</Slide>
	<Slide name="camp2" type="body">
		<Content>The routine at this new camp is the same as the others, except with no time to go to town, as there is none nearby. Being on the front lines – near the enemy – means the soldiers are on edge.&lt;br/&gt;&lt;br/&gt;One night it finally happens. The long roll sounds, and all is chaos as everyone dashes to grab their weapons and form a defensive line.&lt;br/&gt;&lt;br/&gt;Then, from the darkness, you hear a sergeant’s voice yelling that everything is fine, it was only a pig that got loose in the camp and was mistaken for a rebel. Of course, no one got any more sleep that night.</Content>
		<Image>slide7.png</Image>
		<Attribution>Bull Run, Virginia. Federal encampment at Blackburn's Ford. 1862 July 4. Library of Congress, Prints &amp; Photographs Division, LC-DIG-cwpb-01154 DLC.</Attribution>
		<Prompt>&lt;b&gt;Long Roll&lt;/b&gt; -- a kind of drumming used as an alarm.</Prompt>
		<Branch type="conditional">
			<Path1 key="playpoker" value="no">
				<Text/>
				<Reference>mailwagon</Reference>
				<Store/>
			</Path1>
			<Path2>
				<Text/>
				<Reference/>
				<Store/>
			</Path2>
			<Path3>
				<Text/>
				<Reference/>
				<Store/>
			</Path3>
			<Path4>
				<Text/>
				<Reference/>
				<Store/>
			</Path4>
			<Default>
				<Text/>
				<Reference>noletter</Reference>
				<Store/>
			</Default>
		</Branch>
	</Slide>
	<Slide name="noletter" type="body">
		<Content>The letter carrier arrives today. All the men swarm around the back of the mail wagon like pigs to the trough. &lt;br/&gt;&lt;br/&gt;As the mail carrier calls out names one by one, the men whose names are called yelp with excitement and accept their mail as if they were accepting their lottery winnings.&lt;br/&gt;&lt;br/&gt;After waiting pateintly, the letter carrier calls out, "last one!"&lt;br/&gt;&lt;br/&gt;You and the remaining soldiers lean in with anticipation. He calls out the addressee, and it's not you. Dejectedly, you head back to your tent.</Content>
		<Image>00098v.jpg</Image>
		<Attribution>Falmouth, Virginia. Mail wagon for headquarters, Army of the Potomac. 1863. Library of Congress, Prints &amp; Photographs Division, LC-DIG-cwpb-00098 DLC</Attribution>
		<Prompt/>
		<Branch type="decision">
			<Path1>
				<Text>Continue</Text>
				<Reference>marching2</Reference>
				<Store/>
			</Path1>
			<Path2>
				<Text/>
				<Reference/>
				<Store/>
			</Path2>
			<Path3>
				<Text/>
				<Reference/>
				<Store/>
			</Path3>
			<Path4>
				<Text/>
				<Reference/>
				<Store/>
			</Path4>
			<Default>
				<Text/>
				<Reference/>
				<Store/>
			</Default>
		</Branch>
	</Slide>
	<Slide name="mailwagon" type="body">
		<Content>The letter carrier arrives today. All the men swarm around the back of the mail wagon like pigs to the trough. &lt;br/&gt;&lt;br/&gt;As the mail carrier calls out names one by one, the men whose names are called yelp with excitement and accept their mail as if they were accepting their lottery winnings.&lt;br/&gt;&lt;br/&gt;Finally, he calls out your name, and you take your letter back to your tent to read it.</Content>
		<Image>00098v.jpg</Image>
		<Attribution>Falmouth, Virginia. Mail wagon for headquarters, Army of the Potomac. 1863. Library of Congress, Prints &amp; Photographs Division, LC-DIG-cwpb-00098 DLC</Attribution>
		<Prompt/>
		<Branch type="conditional">
			<Path1 key="background" value="farm">
				<Text/>
				<Reference>letter1</Reference>
				<Store/>
			</Path1>
			<Path2 key="background" value="factory">
				<Text/>
				<Reference>letter2</Reference>
				<Store/>
			</Path2>
			<Path3 key="background" value="mine">
				<Text/>
				<Reference>letter3</Reference>
				<Store/>
			</Path3>
			<Path4>
				<Text/>
				<Reference/>
				<Store/>
			</Path4>
			<Default>
				<Text/>
				<Reference>letter1</Reference>
				<Store/>
			</Default>
		</Branch>
	</Slide>
	<Slide name="letter1" type="body">
		<Content>You open your letter from home and read it:&lt;br/&gt;&lt;br/&gt;“My dear Husband,&lt;br/&gt;&lt;br/&gt;It’s not the same here, either. We will not have too much trouble at harvest time, I think. The children and I will all have to work to gather the crops, but I hope we can manage.&lt;br/&gt;&lt;br/&gt;Little Wally found a stray the other day, so for now we have the additional company of Sir Bark the dog. He insists having his own dog is good, and they have become close, but I told him he would have to feed the animal if we kept it. He doesn’t seem to mind now, but I worry he’d forget.&lt;br/&gt;&lt;br/&gt;I miss you and wish you were home,&lt;br/&gt;&lt;br/&gt;[Wife’s name]”</Content>
		<Image>00098v.jpg</Image>
		<Attribution>Falmouth, Virginia. Mail wagon for headquarters, Army of the Potomac. 1863. Library of Congress, Prints &amp; Photographs Division, LC-DIG-cwpb-00098 DLC</Attribution>
		<Prompt/>
		<Branch type="decision">
			<Path1>
				<Text>Continue</Text>
				<Reference>marching2</Reference>
				<Store/>
			</Path1>
			<Path2>
				<Text/>
				<Reference/>
				<Store/>
			</Path2>
			<Path3>
				<Text/>
				<Reference/>
				<Store/>
			</Path3>
			<Path4>
				<Text/>
				<Reference/>
				<Store/>
			</Path4>
			<Default>
				<Text/>
				<Reference/>
				<Store/>
			</Default>
		</Branch>
	</Slide>
	<Slide name="letter2" type="body">
		<Content>&lt;b&gt;(Needs to be changed to reflect factory background)&lt;/b&gt;&lt;br/&gt;&lt;br/&gt;You open your letter from home and read it:&lt;br/&gt;&lt;br/&gt;“My dear Husband,&lt;br/&gt;&lt;br/&gt;It’s not the same here, either. We will not have too much trouble at harvest time, I think. The children and I will all have to work to gather the crops, but I hope we can manage.&lt;br/&gt;&lt;br/&gt;Little Wally found a stray the other day, so for now we have the additional company of Sir Bark the dog. He insists having his own dog is good, and they have become close, but I told him he would have to feed the animal if we kept it. He doesn’t seem to mind now, but I worry he’d forget.&lt;br/&gt;&lt;br/&gt;I miss you and wish you were home,&lt;br/&gt;&lt;br/&gt;[Wife’s name]”</Content>
		<Image>00098v.jpg</Image>
		<Attribution>Falmouth, Virginia. Mail wagon for headquarters, Army of the Potomac. 1863. Library of Congress, Prints &amp; Photographs Division, LC-DIG-cwpb-00098 DLC</Attribution>
		<Prompt/>
		<Branch type="decision">
			<Path1>
				<Text>Continue</Text>
				<Reference>marching2</Reference>
				<Store/>
			</Path1>
			<Path2>
				<Text/>
				<Reference/>
				<Store/>
			</Path2>
			<Path3>
				<Text/>
				<Reference/>
				<Store/>
			</Path3>
			<Path4>
				<Text/>
				<Reference/>
				<Store/>
			</Path4>
			<Default>
				<Text/>
				<Reference/>
				<Store/>
			</Default>
		</Branch>
	</Slide>
	<Slide name="letter3" type="body">
		<Content>&lt;b&gt;(Needs to be changed to reflect mine background)&lt;/b&gt;&lt;br/&gt;&lt;br/&gt;You open your letter from home and read it:&lt;br/&gt;&lt;br/&gt;“My dear Husband,&lt;br/&gt;&lt;br/&gt;It’s not the same here, either. We will not have too much trouble at harvest time, I think. The children and I will all have to work to gather the crops, but I hope we can manage.&lt;br/&gt;&lt;br/&gt;Little Wally found a stray the other day, so for now we have the additional company of Sir Bark the dog. He insists having his own dog is good, and they have become close, but I told him he would have to feed the animal if we kept it. He doesn’t seem to mind now, but I worry he’d forget.&lt;br/&gt;&lt;br/&gt;I miss you and wish you were home,&lt;br/&gt;&lt;br/&gt;[Wife’s name]”</Content>
		<Image>00098v.jpg</Image>
		<Attribution>Falmouth, Virginia. Mail wagon for headquarters, Army of the Potomac. 1863. Library of Congress, Prints &amp; Photographs Division, LC-DIG-cwpb-00098 DLC</Attribution>
		<Prompt/>
		<Branch type="decision">
			<Path1>
				<Text>Continue</Text>
				<Reference>marching2</Reference>
				<Store/>
			</Path1>
			<Path2>
				<Text/>
				<Reference/>
				<Store/>
			</Path2>
			<Path3>
				<Text/>
				<Reference/>
				<Store/>
			</Path3>
			<Path4>
				<Text/>
				<Reference/>
				<Store/>
			</Path4>
			<Default>
				<Text/>
				<Reference/>
				<Store/>
			</Default>
		</Branch>
	</Slide>
	<Slide name="marching2" type="body">
		<Content>Today the orders finally came down to march to the enemy. You are marching in light marching-order, which means you only carry your musket, ammunition, haversack, and canteen. The march is much more strict, and on double-quick time. &lt;br/&gt;&lt;br/&gt;The air is tense and the faces of the soldiers grave as you begin forming a picket. </Content>
		<Image>slide14.png</Image>
		<Attribution>Belle Plain, Virginia. Camp of 150th Pennsylvania Infantry. 1863 Mar. Library of Congress, Prints &amp; Photographs Division, LC-DIG-cwpb-00935 DLC.</Attribution>
		<Prompt/>
		<Branch type="decision">
			<Path1>
				<Text>Continue</Text>
				<Reference>battle1</Reference>
				<Store/>
			</Path1>
			<Path2>
				<Text/>
				<Reference/>
				<Store/>
			</Path2>
			<Path3>
				<Text/>
				<Reference/>
				<Store/>
			</Path3>
			<Path4>
				<Text/>
				<Reference/>
				<Store/>
			</Path4>
			<Default>
				<Text/>
				<Reference/>
				<Store/>
			</Default>
		</Branch>
	</Slide>
	<Slide name="merchant1" type="body">
		<Content>(Scene 51: The traveling merchant)&lt;br/&gt;&lt;br/&gt;(In which the camp is beset by a traveling salesman and his wares, and you decide to invest in one of his fine inventions)</Content>
		<Image>slide14.png</Image>
		<Attribution>Belle Plain, Virginia. Camp of 150th Pennsylvania Infantry. 1863 Mar. Library of Congress, Prints &amp; Photographs Division, LC-DIG-cwpb-00935 DLC.</Attribution>
		<Prompt/>
		<Branch type="decision">
			<Path1>
				<Text>Purchase</Text>
				<Reference>temp</Reference>
				<Store/>
			</Path1>
			<Path2>
				<Text>Don't Purchase</Text>
				<Reference>temp</Reference>
				<Store/>
			</Path2>
			<Path3>
				<Text/>
				<Reference/>
				<Store/>
			</Path3>
			<Path4>
				<Text/>
				<Reference/>
				<Store/>
			</Path4>
			<Default>
				<Text/>
				<Reference/>
				<Store/>
			</Default>
		</Branch>
	</Slide>
	<Slide name="battle1" type="body">
		<Content>The area around here is not what you had pictured as a battlefield before the war. The ground gently slopes forming uneven fields. Lonesome trees and small stands are here there poking up through the grass. The borders of the fields are variously thickets of small shrubs or thick forest.&lt;br/&gt;&lt;br/&gt;The march has been stop-and-go as streams are forded; wagons and caissons get stuck.&lt;br/&gt;&lt;br/&gt;You stop yet again. Many soldiers make themselves comfortable. As the minutes wear on, it becomes obvious that this is no ordinary stop. Soldiers ahead begin to march off sideways to form a battle line. The battery atop the hill can be seen scurrying around their guns, when all of a sudden they leap aside just in time for the cannon to emit a burst of bright smoke and with it a thunderous boom.&lt;br/&gt;&lt;br/&gt;The war music is playing now, and you see the brigade commander talking to your staff officer. The men are already on their feet when the staff officer approaches with the orders.&lt;br/&gt;&lt;br/&gt;You march into position and receive the order to load-at-will… Shortly thereafter is the order to fire.&lt;br/&lt;br/&gt;In the heat of the battle, the formerly organized defensive line is forgotten, and soldiers are crouching behind any cover they can find – trees, ditches, even fence rails. They all still maintain a general grouping around their regimental colors, however.</Content>
		<Image>slide10.png</Image>
		<Attribution>Cedar Mountain, Va. View of battlefield with the mountain in the distance. O'Sullivan, Timothy H., 1862 August. Library of Congress, Prints &amp; Photographs Division, LC-DIG-cwpb-00206 DLC.</Attribution>
		<Prompt/>
		<Branch type="random">
			<Path1 weight="1">
				<Text/>
				<Reference>battle2</Reference>
				<Store/>
			</Path1>
			<Path2 weight="1">
				<Text/>
				<Reference>battle3</Reference>
				<Store/>
			</Path2>
			<Path3>
				<Text/>
				<Reference/>
				<Store/>
			</Path3>
			<Path4>
				<Text/>
				<Reference/>
				<Store/>
			</Path4>
			<Default>
				<Text/>
				<Reference/>
				<Store/>
			</Default>
		</Branch>
	</Slide>
	<Slide name="battle2" type="body">
		<Content>The battling is fierce, minnie balls squealing past overhead and thudding as they embed into trees or softly gasping as they burrow into the ground.&lt;br/&gt;&lt;br/&gt;Suddenly, the order is given to “dress on colors”, and – those men that can – form up on the colors in preparation for a charge. &lt;br/&gt;&lt;br/&gt;The soldiers put on their most intimidating grimace as the charge begins. All semblance of formation is lost as the men are consumed with battle fury – whooping and hollering as they go.&lt;br/&gt;&lt;br/&gt;The yelling serves to lift the heart out of fear, but also to strike the same into the enemy. The helter-skelter crowd races towards the enemy, whose location is evidenced only by the plume of smoke at the opposite end of the field. The whizzing of bullets can still be heard, and every now and then so can a grunt and a thud, as a man is injured and falls.&lt;br/&gt;&lt;br/&gt;Screaming now almost as much with fear as with fury, you raise your bayonet in preparation for plunging into the enemy ranks, but as you crest the ridge, there is no one to be seen. Farther down the line, there is an abandoned battery of six guns being cautiously examined by some other men.&lt;br/&gt;&lt;br/&gt;Some other soldiers are now hollering “we won!” and cheering. Shortly, the general himself appears and compliments you and your company for capturing a battery of artillery.</Content>
		<Image>22479v.jpg</Image>
		<Attribution>Gallant Charge of Humphrey's Division at the Battle of Fredericksburg. [1862] December 13. Library of Congress, Prints &amp; Photographs Division, LC-DIG-ppmsca-22479.</Attribution>
		<Prompt/>
		<Branch type="decision">
			<Path1>
				<Text>Continue</Text>
				<Reference>marching3</Reference>
				<Store/>
			</Path1>
			<Path2>
				<Text/>
				<Reference/>
				<Store/>
			</Path2>
			<Path3>
				<Text/>
				<Reference/>
				<Store/>
			</Path3>
			<Path4>
				<Text/>
				<Reference/>
				<Store/>
			</Path4>
			<Default>
				<Text/>
				<Reference/>
				<Store/>
			</Default>
		</Branch>
	</Slide>
	<Slide name="battle3" type="body">
		<Content>Evidently the enemy is very interested in the specific plot of ground which you yourself are occupying, because your company scarcely looses a volley before the enemy’s retort is returned – by cannon-fire.&lt;br/&gt;&lt;br/&gt;The approaching shells are given away by a distinctive and unnerving whistling, but by the time it is apparent those shells are aimed at you, there is but a scant moment to react.&lt;br/&gt;&lt;br/&gt;One round screams into your midst, and makes a deafening rumble as it is embedded into the earth behind you. Turning, you see a pile of what must have been a man a moment ago that is now being dusted by a shower of earth.&lt;br/&gt;&lt;br/&gt;Another shell hits a tree nearby, sending a cloud of splinters towards some of the soldiers.</Content>
		<Image>slide16.png</Image>
		<Attribution>Gettysburg, Pennsylvania. Confederate soldiers who had evidently been shelled by our batteries on Round Top. 1863 July. Library of Congress, Prints &amp; Photographs Division, LC-DIG-cwpb-00068 DLC.</Attribution>
		<Prompt/>
		<Branch type="random">
			<Path1 weight="1">
				<Text/>
				<Reference>battle5</Reference>
				<Store/>
			</Path1>
			<Path2 weight="1">
				<Text/>
				<Reference>battle6</Reference>
				<Store/>
			</Path2>
			<Path3>
				<Text/>
				<Reference/>
				<Store/>
			</Path3>
			<Path4>
				<Text/>
				<Reference/>
				<Store/>
			</Path4>
			<Default>
				<Text/>
				<Reference/>
				<Store/>
			</Default>
		</Branch>
	</Slide>
	<Slide name="battle5" type="body">
		<Content>This goes on for what seems to you to be days, although it can’t have been, since the sun never set. Your hands and face are black with powder, your throat hoarse from smoke and yelling, but you realize that you haven’t heard a cannon shot in a while.&lt;br/&gt;&lt;br/&gt;Gradually, the crack of gunpowder from across the field dies down and – cautiously – the men stand up to get a better view. There doesn’t seem to be any sign of the enemy, and one soldier points farther down the field to a group of friendly soldiers on the other side of the field. &lt;br/&gt;&lt;br/&gt;It seems the battle has been won after all.</Content>
		<Image>slide17.png</Image>
		<Attribution>Antietam, Maryland. Bodies of dead, Louisiana Regiment. 1862 Sept. Library of Congress, Prints &amp; Photographs Division, LC-DIG-cwpb-01104 DLC.</Attribution>
		<Prompt/>
		<Branch type="decision">
			<Path1>
				<Text>Continue</Text>
				<Reference>marching3</Reference>
				<Store/>
			</Path1>
			<Path2>
				<Text/>
				<Reference/>
				<Store/>
			</Path2>
			<Path3>
				<Text/>
				<Reference/>
				<Store/>
			</Path3>
			<Path4>
				<Text/>
				<Reference/>
				<Store/>
			</Path4>
			<Default>
				<Text/>
				<Reference/>
				<Store/>
			</Default>
		</Branch>
	</Slide>
	<Slide name="battle6" type="body">
		<Content>This seems to go on for a long time, but in truth it couldn’t have lasted more than a single hour before you feel a searing pain in your arm. Clutching at the pain, you feel moist cloth, and withdraw a red-stained hand. &lt;br/&gt;&lt;br/&gt;You try to roll over, and find that neither can you move your left arm, nor is its newfound degree of freedom very pleasant.&lt;br/&gt;&lt;br/&gt;Yelling for help, you are largely ignored or told to be quiet and wait for the stretcher-bearers.&lt;br/&gt;&lt;br/&gt;The shouting, booming, and crackling of musket-fire blend together as you struggle to stay awake, when you become aware of someone talking to you.&lt;br/&gt;&lt;br/&gt;“— you stand up?”&lt;br/&gt;&lt;br/&gt;You confirm. The tourniquet they put around your arm is extremely tight, but at least it’s a distraction. The medics made a sling for you from part of your uniform, and help you on your feet.&lt;br/&gt;&lt;br/&gt;The soldiers are expressionless as they collect the wounded, who shamble or are carried to an ambulance wagon. The stretchers take a lot of space in the wagons, and some of the less wounded must cling to the steps of the wagons while in motion. It’s a bumpy ride, but pain keeps the noise to a low groan.</Content>
		<Image>slide18.png</Image>
		<Attribution>Ambulance Corps. Method of removing wounded from the field. Between 1861 and 1869. Library of Congress, Prints &amp; Photographs Division, LC-DIG-cwpb-01328 DLC.</Attribution>
		<Prompt/>
		<Branch type="decision">
			<Path1>
				<Text>Continue</Text>
				<Reference>fieldhospital</Reference>
				<Store/>
			</Path1>
			<Path2>
				<Text/>
				<Reference/>
				<Store/>
			</Path2>
			<Path3>
				<Text/>
				<Reference/>
				<Store/>
			</Path3>
			<Path4>
				<Text/>
				<Reference/>
				<Store/>
			</Path4>
			<Default>
				<Text/>
				<Reference/>
				<Store/>
			</Default>
		</Branch>
	</Slide>
	<Slide name="marching3" type="body">
		<Content>The men are all aglow with pride and flush with relief from surviving the battle on the march back to camp. &lt;br/&gt;&lt;br/&gt;Soldiers all around are boasting of great feats of bravery and grace – making a strongman pose to mimic standing up to taunt the enemy, cartwheels to dodge enemy musket balls at the last moment, and more. &lt;br/&gt;&lt;br/&gt;Whether all of these tales are true can’t be gleaned from the faces of the exuberant men. A more boisterous and chummy crowd could not have been found leaving any party.</Content>
		<Image>slide15.png</Image>
		<Attribution>Falmouth, Va. Drum corps of 61st New York Infantry. 1863 March. Library of Congress, Prints &amp; Photographs Division, LC-DIG-cwpb-04019 DLC.</Attribution>
		<Prompt/>
		<Branch type="decision">
			<Path1>
				<Text>Continue</Text>
				<Reference>survival-victory</Reference>
				<Store/>
			</Path1>
			<Path2>
				<Text/>
				<Reference/>
				<Store/>
			</Path2>
			<Path3>
				<Text/>
				<Reference/>
				<Store/>
			</Path3>
			<Path4>
				<Text/>
				<Reference/>
				<Store/>
			</Path4>
			<Default>
				<Text/>
				<Reference/>
				<Store/>
			</Default>
		</Branch>
	</Slide>
	<Slide name="fieldhospital" type="body">
		<Content>The ambulance wagon stops in front of the field hospital, back at camp.&lt;br/&gt;&lt;br/&gt;The first thing you notice when stepping inside is the odor: the smell of fresh blood and pus. Here too there hangs in the air a painful absence of screaming. Whether this is due more to pain, fear, or anesthetic is unknowable.&lt;br/&gt;&lt;br/&gt;Before taking a seat, a convalescent hands you a cup of liquor, “to help you calm down,” he says.&lt;br/&gt;&lt;br/&gt;When the surgeon finally reaches you, the prescription is a foregone conclusion: amputation. You are given an inhaler of chloroform, a curious device the size of a deck of cards with two tubes poking out, one for air to go in, one for air to go out. Breathing through the device, you begin to feel drowsy, but still awake.&lt;br/&gt;&lt;br/&gt;After moving you to the operating table, the surgeon begins poking the wound with his fingers to find debris and fragments of bullet, and once satisfied begins the procedure.&lt;br/&gt;&lt;br/&gt;By the end, there is a moist bandage wrapped around your foreshortened limb and a new arm on the pile.</Content>
		<Image>slide19.png</Image>
		<Attribution>Savage Station, Virginia. Union field hospital after the battle of June 27. 1862 June [30]. Library of Congress, Prints &amp; Photographs Division, LC-DIG-cwpb-00202 DLC .</Attribution>
		<Prompt/>
		<Branch type="decision">
			<Path1>
				<Text>Continue</Text>
				<Reference>fieldhospital2</Reference>
				<Store/>
			</Path1>
			<Path2>
				<Text/>
				<Reference/>
				<Store/>
			</Path2>
			<Path3>
				<Text/>
				<Reference/>
				<Store/>
			</Path3>
			<Path4>
				<Text/>
				<Reference/>
				<Store/>
			</Path4>
			<Default>
				<Text/>
				<Reference/>
				<Store/>
			</Default>
		</Branch>
	</Slide>
	<Slide name="fieldhospital2" type="body">
		<Content>The assistant surgeon informs you that since you are well enough to stand, it is now your duty to help out around the hospital tent.&lt;br/&gt;&lt;br/&gt;You still have two good legs, unlike some of the others around here, so you can get around without a crutch, and carry food and water to the other patients with your remaining good arm.&lt;br/&gt;&lt;br/&gt;After a few weeks, you are removed from the field hospital and sent by train to a general hospital, where you are found to be fit to leave and discharged. With your disability, the army wants nothing to do with you anymore.</Content>
		<Image>slide19.png</Image>
		<Attribution>Savage Station, Virginia. Union field hospital after the battle of June 27. 1862 June [30]. Library of Congress, Prints &amp; Photographs Division, LC-DIG-cwpb-00202 DLC .</Attribution>
		<Prompt/>
		<Branch type="decision">
			<Path1>
				<Text>Continue</Text>
				<Reference>amputee-arm</Reference>
				<Store/>
			</Path1>
			<Path2>
				<Text/>
				<Reference/>
				<Store/>
			</Path2>
			<Path3>
				<Text/>
				<Reference/>
				<Store/>
			</Path3>
			<Path4>
				<Text/>
				<Reference/>
				<Store/>
			</Path4>
			<Default>
				<Text/>
				<Reference/>
				<Store/>
			</Default>
		</Branch>
	</Slide>
	<Slide name="amputee-arm" type="ending">
		<Content>You survived the war, but left your arm behind.&lt;br/&gt;&lt;br/&gt;(Here goes statistics about loss of limb)</Content>
		<Image>slide21.png</Image>
		<Attribution>Washington, D.C. Convalescent soldiers and others outside quarters of the Sanitary Commission Home Lodge. 1865 April. Library of Congress, Prints &amp; Photographs Division, LC-DIG-cwpb-04163 DLC.</Attribution>
		<Prompt/>
		<Branch type="decision">
			<Path1>
				<Text/>
				<Reference/>
				<Store/>
			</Path1>
			<Path2>
				<Text/>
				<Reference/>
				<Store/>
			</Path2>
			<Path3>
				<Text/>
				<Reference/>
				<Store/>
			</Path3>
			<Path4>
				<Text/>
				<Reference/>
				<Store/>
			</Path4>
			<Default>
				<Text/>
				<Reference/>
				<Store/>
			</Default>
		</Branch>
	</Slide>
	<Slide name="amputee-leg" type="ending">
		<Content>You survived the war, but left your leg behind.&lt;br/&gt;&lt;br/&gt;(Here goes statistics about loss of limb)</Content>
		<Image>slide21.png</Image>
		<Attribution>Washington, D.C. Convalescent soldiers and others outside quarters of the Sanitary Commission Home Lodge. 1865 April. Library of Congress, Prints &amp; Photographs Division, LC-DIG-cwpb-04163 DLC.</Attribution>
		<Prompt/>
		<Branch type="decision">
			<Path1>
				<Text/>
				<Reference/>
				<Store/>
			</Path1>
			<Path2>
				<Text/>
				<Reference/>
				<Store/>
			</Path2>
			<Path3>
				<Text/>
				<Reference/>
				<Store/>
			</Path3>
			<Path4>
				<Text/>
				<Reference/>
				<Store/>
			</Path4>
			<Default>
				<Text/>
				<Reference/>
				<Store/>
			</Default>
		</Branch>
	</Slide>
	<Slide name="death-shot" type="ending">
		<Content>You did not survive the war.&lt;br/&gt;&lt;br/&gt;(Here goes statistics)</Content>
		<Image>02107r.jpg</Image>
		<Attribution>http://www.loc.gov/pictures/resource/cwpb.02107/</Attribution>
		<Prompt/>
		<Branch type="decision">
			<Path1>
				<Text/>
				<Reference/>
				<Store/>
			</Path1>
			<Path2>
				<Text/>
				<Reference/>
				<Store/>
			</Path2>
			<Path3>
				<Text/>
				<Reference/>
				<Store/>
			</Path3>
			<Path4>
				<Text/>
				<Reference/>
				<Store/>
			</Path4>
			<Default>
				<Text/>
				<Reference/>
				<Store/>
			</Default>
		</Branch>
	</Slide>
	<Slide name="death-infection" type="ending">
		<Content>You were wounded and operated on, but complications and infection did you in. You did not survive the war.&lt;br/&gt;&lt;br/&gt;(Here goes statistics)</Content>
		<Image>02107r.jpg</Image>
		<Attribution>http://www.loc.gov/pictures/resource/cwpb.02107/</Attribution>
		<Prompt/>
		<Branch type="decision">
			<Path1>
				<Text/>
				<Reference/>
				<Store/>
			</Path1>
			<Path2>
				<Text/>
				<Reference/>
				<Store/>
			</Path2>
			<Path3>
				<Text/>
				<Reference/>
				<Store/>
			</Path3>
			<Path4>
				<Text/>
				<Reference/>
				<Store/>
			</Path4>
			<Default>
				<Text/>
				<Reference/>
				<Store/>
			</Default>
		</Branch>
	</Slide>
	<Slide name="death-disease" type="ending">
		<Content>You were wounded and operated on, but complications and infection did you in. You did not survive the war.&lt;br/&gt;&lt;br/&gt;(Here goes statistics)</Content>
		<Image>02107r.jpg</Image>
		<Attribution>http://www.loc.gov/pictures/resource/cwpb.02107/</Attribution>
		<Prompt/>
		<Branch type="decision">
			<Path1>
				<Text/>
				<Reference/>
				<Store/>
			</Path1>
			<Path2>
				<Text/>
				<Reference/>
				<Store/>
			</Path2>
			<Path3>
				<Text/>
				<Reference/>
				<Store/>
			</Path3>
			<Path4>
				<Text/>
				<Reference/>
				<Store/>
			</Path4>
			<Default>
				<Text/>
				<Reference/>
				<Store/>
			</Default>
		</Branch>
	</Slide>
	<Slide name="survival-victory" type="ending">
		<Content>You survived your first battle.&lt;br/&gt;&lt;br/&gt;(a shorter story like this is better, no?)&lt;br/&gt;&lt;br/&gt;(Here can go statistics such as survival rate)</Content>
		<Image>slide20.png</Image>
		<Attribution>Culpeper, Va. Brig. Gen. Henry Prince of the 2d Division, 3d Corps, and staff. 1863 September. Library of Congress, Prints &amp; Photographs Division, LC-DIG-cwpb-03983 DLC.</Attribution>
		<Prompt/>
		<Branch type="decision">
			<Path1>
				<Text/>
				<Reference/>
				<Store/>
			</Path1>
			<Path2>
				<Text/>
				<Reference/>
				<Store/>
			</Path2>
			<Path3>
				<Text/>
				<Reference/>
				<Store/>
			</Path3>
			<Path4>
				<Text/>
				<Reference/>
				<Store/>
			</Path4>
			<Default>
				<Text/>
				<Reference/>
				<Store/>
			</Default>
		</Branch>
	</Slide>
	<Slide name="survival-defeat" type="ending">
		<Content>You survived your first battle.&lt;br/&gt;&lt;br/&gt;(a shorter story like this is better, no?)&lt;br/&gt;&lt;br/&gt;(Here can go statistics such as survival rate)</Content>
		<Image>slide20.png</Image>
		<Attribution>Culpeper, Va. Brig. Gen. Henry Prince of the 2d Division, 3d Corps, and staff. 1863 September. Library of Congress, Prints &amp; Photographs Division, LC-DIG-cwpb-03983 DLC.</Attribution>
		<Prompt/>
		<Branch type="decision">
			<Path1>
				<Text/>
				<Reference/>
				<Store/>
			</Path1>
			<Path2>
				<Text/>
				<Reference/>
				<Store/>
			</Path2>
			<Path3>
				<Text/>
				<Reference/>
				<Store/>
			</Path3>
			<Path4>
				<Text/>
				<Reference/>
				<Store/>
			</Path4>
			<Default>
				<Text/>
				<Reference/>
				<Store/>
			</Default>
		</Branch>
	</Slide>
	<Slide name="sampledecision" type="body">
		<Content>This is a sample decision node. Choose your path on the right.</Content>
		<Image>slide2.png</Image>
		<Attribution>Moore House, Yorktown, Virginia. --Gardner's Photographic Sketchbook of the War--, Vol. I, 1866. Courtesy of George Eastman House, International Museum of Photography and Film.</Attribution>
		<Prompt/>
		<Branch type="decision">
			<Path1>
				<Text>Play cards</Text>
				<Reference>samplerandom</Reference>
				<Store key="POKER" value="PLAYED"/>
			</Path1>
			<Path2>
				<Text>Don't play cards</Text>
				<Reference>titleslide</Reference>
				<Store/>
			</Path2>
			<Path3>
				<Text/>
				<Reference/>
				<Store/>
			</Path3>
			<Path4>
				<Text/>
				<Reference/>
				<Store/>
			</Path4>
			<Default>
				<Text/>
				<Reference/>
				<Store/>
			</Default>
		</Branch>
	</Slide>
	<Slide name="samplerandom" type="body">
		<Content>This is a sample random node. When branching, a random path is picked, and only a single button is shown to the user.</Content>
		<Image>slide2.png</Image>
		<Attribution>Moore House, Yorktown, Virginia. --Gardner's Photographic Sketchbook of the War--, Vol. I, 1866. Courtesy of George Eastman House, International Museum of Photography and Film.</Attribution>
		<Prompt>This box may contain definitions or instructions. If no text would appear in the box, it becomes invisible.</Prompt>
		<Branch type="random">
			<Path1 weight="1">
				<Text/>
				<Reference>patha</Reference>
				<Store key="POKEROUTCOME" value="WIN"/>
			</Path1>
			<Path2 weight="1">
				<Text/>
				<Reference>pathb</Reference>
				<Store key="POKEROUTCOME" value="LOSE"/>
			</Path2>
			<Path3>
				<Text/>
				<Reference/>
				<Store/>
			</Path3>
			<Path4>
				<Text/>
				<Reference/>
				<Store/>
			</Path4>
			<Default>
				<Text/>
				<Reference/>
				<Store/>
			</Default>
		</Branch>
	</Slide>
	<Slide name="patha" type="body">
		<Content>Path A was chosen for you.</Content>
		<Image>slide2.png</Image>
		<Attribution>Moore House, Yorktown, Virginia. --Gardner's Photographic Sketchbook of the War--, Vol. I, 1866. Courtesy of George Eastman House, International Museum of Photography and Film.</Attribution>
		<Prompt/>
		<Branch type="decision">
			<Path1>
				<Text>Continue</Text>
				<Reference>sampleconditional</Reference>
				<Store/>
			</Path1>
			<Path2>
				<Text/>
				<Reference/>
				<Store/>
			</Path2>
			<Path3>
				<Text/>
				<Reference/>
				<Store/>
			</Path3>
			<Path4>
				<Text/>
				<Reference/>
				<Store/>
			</Path4>
			<Default>
				<Text/>
				<Reference/>
				<Store/>
			</Default>
		</Branch>
	</Slide>
	<Slide name="pathb" type="body">
		<Content>Path B was chosen for you.</Content>
		<Image>slide2.png</Image>
		<Attribution>Moore House, Yorktown, Virginia. --Gardner's Photographic Sketchbook of the War--, Vol. I, 1866. Courtesy of George Eastman House, International Museum of Photography and Film.</Attribution>
		<Prompt/>
		<Branch type="decision">
			<Path1>
				<Text>Continue</Text>
				<Reference>sampleconditional</Reference>
				<Store/>
			</Path1>
			<Path2>
				<Text/>
				<Reference/>
				<Store/>
			</Path2>
			<Path3>
				<Text/>
				<Reference/>
				<Store/>
			</Path3>
			<Path4>
				<Text/>
				<Reference/>
				<Store/>
			</Path4>
			<Default>
				<Text/>
				<Reference/>
				<Store/>
			</Default>
		</Branch>
	</Slide>
	<Slide name="sampleconditional" type="body">
		<Content>This is a sample conditional page. The branches before this slide have merged, but decisions or random outcomes may still have an effect on future branches.
If the random page picked Path A, the button on this page will take you to the ending. 
If Path B, it will take you back to the random page.</Content>
		<Image>slide2.png</Image>
		<Attribution>Moore House, Yorktown, Virginia. --Gardner's Photographic Sketchbook of the War--, Vol. I, 1866. Courtesy of George Eastman House, International Museum of Photography and Film.</Attribution>
		<Prompt/>
		<Branch type="conditional">
			<Path1 key="POKEROUTCOME" value="WIN">
				<Text/>
				<Reference>ending</Reference>
				<Store/>
			</Path1>
			<Path2 key="POKEROUTCOME" value="LOSE">
				<Text/>
				<Reference>samplerandom</Reference>
				<Store/>
			</Path2>
			<Path3>
				<Text/>
				<Reference/>
				<Store/>
			</Path3>
			<Path4>
				<Text/>
				<Reference/>
				<Store/>
			</Path4>
			<Default>
				<Text/>
				<Reference>error</Reference>
				<Store/>
			</Default>
		</Branch>
	</Slide>
	<Slide name="ending" type="ending">
		<Content>You survived!</Content>
		<Image>slide2.png</Image>
		<Attribution>Moore House, Yorktown, Virginia. --Gardner's Photographic Sketchbook of the War--, Vol. I, 1866. Courtesy of George Eastman House, International Museum of Photography and Film.</Attribution>
		<Prompt/>
		<Branch type="decision">
			<Path1>
				<Text/>
				<Reference/>
				<Store/>
			</Path1>
			<Path2>
				<Text/>
				<Reference/>
				<Store/>
			</Path2>
			<Path3>
				<Text/>
				<Reference/>
				<Store/>
			</Path3>
			<Path4>
				<Text/>
				<Reference/>
				<Store/>
			</Path4>
			<Default>
				<Text/>
				<Reference/>
				<Store/>
			</Default>
		</Branch>
	</Slide>
	<Slide name="error" type="ending">
		<Content>Something went wrong with the logic of the story.</Content>
		<Image>slide2.png</Image>
		<Attribution>Moore House, Yorktown, Virginia. --Gardner's Photographic Sketchbook of the War--, Vol. I, 1866. Courtesy of George Eastman House, International Museum of Photography and Film.</Attribution>
		<Prompt/>
		<Branch type="decision">
			<Path1>
				<Text/>
				<Reference/>
				<Store/>
			</Path1>
			<Path2>
				<Text/>
				<Reference/>
				<Store/>
			</Path2>
			<Path3>
				<Text/>
				<Reference/>
				<Store/>
			</Path3>
			<Path4>
				<Text/>
				<Reference/>
				<Store/>
			</Path4>
			<Default>
				<Text/>
				<Reference/>
				<Store/>
			</Default>
		</Branch>
	</Slide>
</ns2:Data>